Country,Division,BU,Studio,Neighborhoods,Brand,Product,Category_Code,Product_Key,
US,Home Supplies,Cosmetics and Toiletries,Cl Es,Cl Es,DD Deodrants,Lq-p,LP1,DL0000038,,
US,Home Supplies,Cosmetics and Toiletries,Cl Es,Cl Es,DD Deodrants,Lq-p,LP2,BT0000487,,
US,Home Supplies,Cosmetics and Toiletries,Cl Es,Cl Es,Q Lipsticks,Scented,S23,DL0000038,,
US,Home Supplies,Cosmetics and Toiletries,Cl Es,Cl Es,Q Lipsticks,Pine,S24,DL0000038,,
US,Home Supplies,Cosmetics and Toiletries,Cl Es,Cl Es,Q Lipsticks,Scented,S25,DL0000036,,
US,Home Supplies,Cosmetics and Toiletries,Cl Es,Cl Es,Q Lipsticks,Pine,S26,DL0000431,,
US,Home Supplies,Cosmetics and Toiletries,Cx,Cx HC,RT Bleach,CCU,S37,DL0000038,,
US,Home Supplies,Cosmetics and Toiletries,Cx,Cx HC,RT Bleach,CCU,S38,SP0004262,,
US,Home Supplies,Cosmetics and Toiletries,Cx,Cx HC,RT Bleach,CDBC,T29,DL0000038,,
US,Home Supplies,Cosmetics and Toiletries,Cx,Cx HC,RT Bleach,CDBC/Gel/Foamer,T210,SP0008378,,
US,Home Supplies,Cosmetics and Toiletries,Cx,Cx HC,RT Bleach,ATBC,TA11,DL0000038,,
US,Home Supplies,Cosmetics and Toiletries,Cx,Cx HC,RT Bleach,ATBC,TA12,SP0009619,,
US,Home Supplies,Cosmetics and Toiletries,Cx,Cx HC,RT Bleach,MTBC,TM13,DL0000038,,
US,Home Supplies,Cosmetics and Toiletries,Cx,Cx HC,RT Bleach,MTBC,TM14,SP0009404,,
US,Home Supplies,Cosmetics and Toiletries,Cx,Cx HC,H Detergent,CDW,CW15,DL0000038,,
US,Home Supplies,Cosmetics and Toiletries,Cx,Cx HC,H Detergent,CDW,CW16,CW0001061,,
US,Home Supplies,Cosmetics and Toiletries,Cx,Cx HC,H Detergent,CDW Microscrubbers,CW17,DL0000038,,
US,Home Supplies,Cosmetics and Toiletries,Cx,Cx HC,H Detergent,CDW Microscrubbers,CW18,CW0006089,,
US,Home Supplies,Cosmetics and Toiletries,Cx,Cx HC,H Detergent,Scentiva Wipes,CW19,DL0000038,,
US,Home Supplies,Cosmetics and Toiletries,Cx,Cx HC,H Detergent,Scentiva Wipes,CW20,CW0006152,,
US,Home Supplies,Cosmetics and Toiletries,Cx,Cx HC,H Detergent,CLB Scnt,L221,DL0000038,,
US,Home Supplies,Office Supplies,Cx,Cx Ld,H Detergent,CLB Scented,L222,LA0000632,,
US,Home Supplies,Office Supplies,Cx,Cx Ld,H Detergent,CLB Scented,L223,LA0000674,,
US,Home Supplies,Office Supplies,Cx,Cx Ld,H Detergent,CLB Scented,L224,LA0000677,,
US,Home Supplies,Office Supplies,Cx,Cx Ld,H Detergent,CLB Scented,L225,LA0000688,,
US,Home Supplies,Office Supplies,Cx,Cx Ld,H Detergent,CLB Scented,L226,LA0000766,,
US,Home Supplies,Office Supplies,Cx,Cx Ld,H Detergent,CLB Scented,L227,LA0000771,,
US,Home Supplies,Office Supplies,Cx,Cx Ld,H Detergent,CLB Scented,L228,LA0001098,,
US,Home Supplies,Office Supplies,Cx,Cx Ld,H Detergent,CLB Scented,L229,LA0005865,,
US,Home Supplies,Office Supplies,Cx,Cx Ld,H Detergent,CLB Scented,L230,LA0008373,,
US,Home Supplies,Cosmetics and Toiletries,Cx,Cx HC,H Detergent,CLB Reg,LA31,DL0000038,,
US,Home Supplies,Office Supplies,Cx,Cx Ld,H Detergent,CLB Regular,LA32,LA0008370,,
US,Home Supplies,Cosmetics and Toiletries,Cx,Cx HC,H Detergent,CCU,S333,DL0000038,,
US,Home Supplies,Cosmetics and Toiletries,Cx,Cx HC,H Detergent,CCU,S334,SP0004262,,
US,Home Supplies,Cosmetics and Toiletries,Cx,Cx HC,H Detergent,CDBC,T235,DL0000038,,
US,Home Supplies,Cosmetics and Toiletries,Cx,Cx HC,H Detergent,CDBC/Gel/Foamer,T236,SP0008378,,
US,Home Supplies,Cosmetics and Toiletries,Cx,Cx HC,H Detergent,ATBC,TA37,DL0000038,,
US,Home Supplies,Cosmetics and Toiletries,Cx,Cx HC,H Detergent,ATBC,TA38,SP0009619,,
US,Home Supplies,Cosmetics and Toiletries,Cx,Cx HC,H Detergent,MTBC,TM39,DL0000038,,
US,Home Supplies,Cosmetics and Toiletries,Cx,Cx HC,H Detergent,MTBC,TM40,SP0009404,,
US,Home Supplies,Cosmetics and Toiletries,Cx,Cx HC,U Bath,ATBC,TA41,DL0000038,,
US,Home Supplies,Cosmetics and Toiletries,Cx,Cx HC,U Bath,ATBC,TA42,SP0009619,,
US,Home Supplies,Cosmetics and Toiletries,Cx,Cx HC,U Bath,MTBC,TM43,DL0000038,,
US,Home Supplies,Cosmetics and Toiletries,Cx,Cx HC,U Bath,MTBC,TM44,SP0009404,,
US,Home Supplies,Cosmetics and Toiletries,Cx,Cx HC,T Stain Remover,Scentiva APC Sprays,S345,DL0000038,,
US,Home Supplies,Cosmetics and Toiletries,Cx,Cx HC,T Stain Remover,Scentiva APC Sprays,S346,SP0004744,,
US,Home Supplies,Cosmetics and Toiletries,Cx,Cx HC,T Stain Remover,Scentiva Wipes,CW47,DL0000038,,
US,Home Supplies,Cosmetics and Toiletries,Cx,Cx HC,T Stain Remover,Scentiva Wipes,CW48,CW0006152,,
US,Home Supplies,Cosmetics and Toiletries,Cx,Cx HC,I Glass Cleaner,CDW,CW49,DL0000038,,
US,Home Supplies,Cosmetics and Toiletries,Cx,Cx HC,I Glass Cleaner,CDW,CW50,CW0001061,,
US,Home Supplies,Cosmetics and Toiletries,Cx,Cx HC,I Glass Cleaner,CDW Microscrubbers,CW51,DL0000038,,
US,Home Supplies,Cosmetics and Toiletries,Cx,Cx HC,I Glass Cleaner,CDW Microscrubbers,CW52,CW0006089,,
US,Home Supplies,Cosmetics and Toiletries,Cx,Cx HC,I Glass Cleaner,Scentiva Wipes,CW53,DL0000038,,
US,Home Supplies,Cosmetics and Toiletries,Cx,Cx HC,I Glass Cleaner,Scentiva Wipes,CW54,CW0006152,,
US,Home Supplies,Cosmetics and Toiletries,Cx,Cx HC,I Glass Cleaner,ATBC,TA55,DL0000038,,
US,Home Supplies,Cosmetics and Toiletries,Cx,Cx HC,I Glass Cleaner,ATBC,TA56,SP0009619,,
US,Home Supplies,Cosmetics and Toiletries,Cx,Cx HC,I Glass Cleaner,MTBC,TM57,DL0000038,,
US,Home Supplies,Cosmetics and Toiletries,Cx,Cx HC,I Glass Cleaner,MTBC,TM58,SP0009404,,
US,Home Supplies,Cosmetics and Toiletries,Cx,Cx HC,K Lip Balm,F409,S159,DL0000038,,
US,Home Supplies,Cosmetics and Toiletries,Cx,Cx HC,K Lip Balm,F409,S160,SP0004724,,
US,Home Supplies,Cosmetics and Toiletries,Cx,Cx HC,J Gel / Foam,CDBC/Gel/Foamer,T261,DL0000038,,
US,Home Supplies,Cosmetics and Toiletries,Cx,Cx HC,J Gel / Foam,CDBC/Gel/Foamer,T262,SP0008378,,
US,Home Supplies,Cosmetics and Toiletries,Cx,Cx HC,M Toilet Cleaner,Tx Mildew Removers,TX63,DL0000038,,
US,Home Supplies,Cosmetics and Toiletries,Cx,Cx HC,M Toilet Cleaner,Tx General Bathroom Cleaners,TX64,DL0000038,,
US,Home Supplies,Cosmetics and Toiletries,Cx,Cx HC,M Toilet Cleaner,Tx Daily Shower Cleaners,TX65,DL0000038,,
US,Home Supplies,Cosmetics and Toiletries,Cx,Cx HC,M Toilet Cleaner,Tx Mildew Removers,TX66,SP0008186,,
US,Home Supplies,Cosmetics and Toiletries,Cx,Cx HC,M Toilet Cleaner,Tx General Bathroom Cleaners,TX67,SP0008367,,
US,Home Supplies,Cosmetics and Toiletries,Cx,Cx HC,M Toilet Cleaner,Tx Daily Shower Cleaners,TX68,SP0008672,,
US,Home Supplies,Cosmetics and Toiletries,Cx,Cx HC,P Toothpastes,UR,UR69,DL0000038,,
US,Home Supplies,Cosmetics and Toiletries,Cx,Cx HC,P Toothpastes,UR,UR70,SP0008378,,
US,Home Supplies,Cosmetics and Toiletries,Cx,Cx HC,UV Face Cream,CDW,CW71,DL0000038,,
US,Home Supplies,Cosmetics and Toiletries,Cx,Cx HC,UV Face Cream,CDW Microscrubbers,CW72,DL0000038,,
US,Home Supplies,Cosmetics and Toiletries,Cx,Cx HC,UV Face Cream,Scentiva Wipes,CW73,DL0000038,,
US,Home Supplies,Cosmetics and Toiletries,Cx,Cx HC,UV Face Cream,CDW,CW74,CW0001061,,
US,Home Supplies,Cosmetics and Toiletries,Cx,Cx HC,UV Face Cream,CDW Microscrubbers,CW75,CW0006089,,
US,Home Supplies,Cosmetics and Toiletries,Cx,Cx HC,UV Face Cream,Scentiva Wipes,CW76,CW0006152,,
US,Home Supplies,Cosmetics and Toiletries,Cx,Cx HC,ABC Night Cream,CCU,S377,DL0000038,,
US,Home Supplies,Cosmetics and Toiletries,Cx,Cx HC,ABC Night Cream,CCU,S378,SP0004262,,
US,Home Supplies,Cosmetics and Toiletries,Cx,Cx HC,X Facewash,ATBC,TA79,DL0000038,,
US,Home Supplies,Cosmetics and Toiletries,Cx,Cx HC,X Facewash,ATBC,TA80,SP0009619,,
US,Home Supplies,Cosmetics and Toiletries,Cx,Cx HC,X Facewash,MTBC,TM81,DL0000038,,
US,Home Supplies,Cosmetics and Toiletries,Cx,Cx HC,X Facewash,MTBC,TM82,SP0009404,,
US,Home Supplies,Cosmetics and Toiletries,Cx,Cx HC,FP Body Spray,CTBC (Tt Wand) - Starter,TW83,DL0000038,,
US,Home Supplies,Cosmetics and Toiletries,Cx,Cx HC,FP Body Spray,CTBC (Tt Wand) - Starter,TW84,SP0009295,,
US,Home Supplies,Cosmetics and Toiletries,Cx,Cx HC,FP Body Spray,CTBC (Tt Wand) - Refill,W285,DL0000038,,
US,Home Supplies,Cosmetics and Toiletries,Cx,Cx HC,FP Body Spray,CTBC (Tt Wand) - Refill,W286,SP0009295,,
US,Home Supplies,Office Supplies,Ld,Cx Ld,D Printers,CLB Regular,LA87,DL0000038,,
US,Home Supplies,Office Supplies,Ld,Cx Ld,D Printers,CLB Regular,LA88,LA0008370,,
US,Home Supplies,Office Supplies,Ld,Cx Ld,D Printers,CLB Scented,L289,DL0000038,,
US,Home Supplies,Office Supplies,Ld,Cx Ld,D Printers,CLB Scented,L290,LA0000632,,
US,Home Supplies,Office Supplies,Ld,Cx Ld,D Printers,CLB Scented,L291,LA0000674,,
US,Home Supplies,Office Supplies,Ld,Cx Ld,D Printers,CLB Scented,L292,LA0000677,,
US,Home Supplies,Office Supplies,Ld,Cx Ld,D Printers,CLB Scented,L293,LA0000688,,
US,Home Supplies,Office Supplies,Ld,Cx Ld,D Printers,CLB Scented,L294,LA0000766,,
US,Home Supplies,Office Supplies,Ld,Cx Ld,D Printers,CLB Scented,L295,LA0000771,,
US,Home Supplies,Office Supplies,Ld,Cx Ld,D Printers,CLB Scented,L296,LA0001098,,
US,Home Supplies,Office Supplies,Ld,Cx Ld,D Printers,CLB Scented,L297,LA0005865,,
US,Home Supplies,Office Supplies,Ld,Cx Ld,D Printers,CLB Scented,L298,LA0008373,,
US,Home Supplies,Office Supplies,Ld,Cx Ld,Stationary,C2 Dry,L399,DL0000038,,
US,Home Supplies,Office Supplies,Ld,Cx Ld,Stationary,C2 Dry,L3100,LA0000001,,
US,Home Supplies,Office Supplies,Ld,Cx Ld,Stationary,C2 Liquid,L4101,DL0000038,,
US,Home Supplies,Office Supplies,Ld,Cx Ld,Stationary,C2 Liquid,L4102,LA0000001,,
US,Office Supplies,Baked Goods,HVR,HV,J Cookies,Hidden Valley Dry,H2103,DL0000038,,
US,Office Supplies,Baked Goods,HVR,HV,J Cookies,Hidden Valley Dips,H3104,DL0000038,,
US,Office Supplies,Baked Goods,HVR,HV,J Cookies,Hidden Valley Dry,H2105,HV0000001,,
US,Office Supplies,Baked Goods,HVR,HV,J Cookies,Hidden Valley Dips,H3106,MO0000365,,
US,Office Supplies,Baked Goods,HVR,HV,J Cookies,Hidden Valley Bottled,HS107,DL0000038,,
US,Office Supplies,Baked Goods,HVR,HV,J Cookies,Hidden Valley Bottled,HS108,HV0000001,,
US,Office Supplies,Baked Goods,HVR,HV,J Cookies,Hidden Valley Bottled,HS109,HV0000002,,
US,Office Supplies,Baked Goods,HVR,HV,J Cookies,Hidden Valley Bottled,HS110,HV0000003,,
US,Office Supplies,Baked Goods,HVR,HV,J Cookies,Hidden Valley Bottled,HS111,HV0000004,,
US,Office Supplies,Baked Goods,HVR,HV,J Cookies,Hidden Valley Bottled,HS112,HV0000005,,
US,Office Supplies,Baked Goods,HVR,HV,J Cookies,Hidden Valley Bottled,HS113,HV0000006,,
US,Office Supplies,Baked Goods,HVR,HV,J Cookies,Hidden Valley Bottled,HS114,HV0000007,,
US,Office Supplies,Baked Goods,HVR,HV,J Cookies,Hidden Valley Bottled,HS115,HV0000008,,
US,Office Supplies,Baked Goods,HVR,HV,J Cookies,Hidden Valley Bottled,HS116,HV0000009,,
US,Office Supplies,Baked Goods,HVR,HV,J Cookies,Hidden Valley Bottled,HS117,HV0000010,,
US,Office Supplies,Baked Goods,HVR,HV,J Cookies,Hidden Valley Bottled,HS118,HV0000011,,
US,Office Supplies,Baked Goods,HVR,HV,J Cookies,Hidden Valley Bottled,HS119,HV0000012,,
US,Office Supplies,Baked Goods,HVR,HV,J Cookies,Hidden Valley Bottled,HS120,HV0000013,,
US,Office Supplies,Baked Goods,HVR,HV,J Cookies,Hidden Valley Bottled,HS121,HV0000014,,
US,Office Supplies,Baked Goods,HVR,HV,J Cookies,Hidden Valley Bottled,HS122,HV0000015,,
US,Office Supplies,Baked Goods,HVR,HV,J Cookies,Hidden Valley Bottled,HS123,HV0000016,,
US,Office Supplies,Baked Goods,HVR,HV,J Cookies,Hidden Valley Bottled,HS124,HV0000017,,
US,Office Supplies,Baked Goods,HVR,HV,J Cookies,Hidden Valley Bottled,HS125,HV0000018,,
US,Office Supplies,Baked Goods,HVR,HV,J Cookies,Hidden Valley Bottled,HS126,HV0000019,,
US,Office Supplies,Baked Goods,HVR,HV,J Cookies,Hidden Valley Bottled,HS127,HV0000020,,
US,Office Supplies,Baked Goods,HVR,HV,J Cookies,Hidden Valley Bottled,HS128,HV0000021,,
US,Office Supplies,Baked Goods,HVR,HV,J Cookies,Hidden Valley Bottled,HS129,HV0000022,,
US,Office Supplies,Baked Goods,HVR,HV,J Cookies,Hidden Valley Bottled,HS130,HV0000023,,
US,Office Supplies,Baked Goods,HVR,HV,J Cookies,Hidden Valley Bottled,HS131,HV0000024,,
US,Office Supplies,Baked Goods,HVR,HV,J Cookies,Hidden Valley Bottled,HS132,HV0000025,,
US,Office Supplies,Baked Goods,HVR,HV,J Cookies,Hidden Valley Bottled,HS133,HV0000026,,
US,Office Supplies,Baked Goods,HVR,HV,J Cookies,Hidden Valley Bottled,HS134,HV0000027,,
US,Office Supplies,Baked Goods,HVR,HV,J Cookies,Hidden Valley Bottled,HS135,HV0000028,,
US,Office Supplies,Baked Goods,HVR,HV,J Cookies,Hidden Valley Bottled,HS136,HV0000029,,
US,Office Supplies,Baked Goods,HVR,HV,J Cookies,Hidden Valley Bottled,HS137,HV0000030,,
US,Office Supplies,Baked Goods,HVR,HV,J Cookies,Hidden Valley Bottled,HS138,HV0000031,,
US,Office Supplies,Baked Goods,HVR,HV,J Cookies,Hidden Valley Bottled,HS139,HV0000032,,
US,Office Supplies,Baked Goods,HVR,HV,J Cookies,Hidden Valley Bottled,HS140,HV0000033,,
US,Office Supplies,Baked Goods,HVR,HV,J Cookies,Hidden Valley Bottled,HS141,HV0000034,,
US,Office Supplies,Baked Goods,HVR,HV,J Cookies,Hidden Valley Bottled,HS142,HV0000035,,
US,Office Supplies,Baked Goods,HVR,HV,J Cookies,Hidden Valley Bottled,HS143,HV0000036,,
US,Office Supplies,Baked Goods,HVR,HV,J Cookies,Hidden Valley Bottled,HS144,HV0000037,,
US,Office Supplies,Baked Goods,HVR,HV,J Cookies,Hidden Valley Bottled,HS145,HV0000038,,
US,Office Supplies,Baked Goods,HVR,HV,J Cookies,Hidden Valley Bottled,HS146,HV0000039,,
US,Office Supplies,Baked Goods,HVR,HV,J Cookies,Hidden Valley Bottled,HS147,HV0000040,,
US,Office Supplies,Baked Goods,HVR,HV,J Cookies,Hidden Valley Bottled,HS148,HV0000041,,
US,Office Supplies,Baked Goods,HVR,HV,J Cookies,Hidden Valley Bottled,HS149,HV0000042,,
US,Office Supplies,Baked Goods,HVR,HV,J Cookies,Hidden Valley Bottled,HS150,HV0000043,,
US,Office Supplies,Baked Goods,HVR,HV,J Cookies,Hidden Valley Bottled,HS151,HV0000044,,
US,Office Supplies,Baked Goods,HVR,HV,J Cookies,Hidden Valley Bottled,HS152,HV0000045,,
US,Office Supplies,Baked Goods,HVR,HV,J Cookies,Hidden Valley Bottled,HS153,HV0000046,,
US,Office Supplies,Baked Goods,HVR,HV,J Cookies,Hidden Valley Bottled,HS154,HV0000047,,
US,Office Supplies,Baked Goods,HVR,HV,J Cookies,Hidden Valley Bottled,HS155,HV0000048,,
US,Office Supplies,Baked Goods,HVR,HV,J Cookies,Hidden Valley Bottled,HS156,HV0000049,,
US,Office Supplies,Baked Goods,HVR,HV,J Cookies,Hidden Valley Bottled,HS157,HV0000050,,
US,Office Supplies,Baked Goods,HVR,HV,J Cookies,Hidden Valley Bottled,HS158,HV0000051,,
US,Office Supplies,Baked Goods,HVR,HV,J Cookies,Hidden Valley Bottled,HS159,HV0000052,,
US,Office Supplies,Baked Goods,HVR,HV,J Cookies,Hidden Valley Bottled,HS160,HV0000053,,
US,Office Supplies,Baked Goods,HVR,HV,J Cookies,Hidden Valley Bottled,HS161,HV0000054,,
US,Office Supplies,Baked Goods,HVR,HV,J Cookies,Hidden Valley Bottled,HS162,HV0000055,,
US,Office Supplies,Baked Goods,HVR,HV,J Cookies,Hidden Valley Bottled,HS163,HV0000056,,
US,Office Supplies,Baked Goods,HVR,HV,J Cookies,Hidden Valley Bottled,HS164,HV0000057,,
US,Office Supplies,Baked Goods,HVR,HV,J Cookies,Hidden Valley Bottled,HS165,HV0000058,,
US,Office Supplies,Baked Goods,HVR,HV,J Cookies,Hidden Valley Bottled,HS166,HV0000059,,
US,Office Supplies,Baked Goods,HVR,HV,J Cookies,Hidden Valley Bottled,HS167,HV0000060,,
US,Office Supplies,Baked Goods,HVR,HV,J Cookies,Hidden Valley Bottled,HS168,HV0000061,,
US,Office Supplies,Baked Goods,HVR,HV,J Cookies,Hidden Valley Bottled,HS169,HV0000062,,
US,Office Supplies,Baked Goods,HVR,HV,J Cookies,Hidden Valley Bottled,HS170,HV0000063,,
US,Office Supplies,Baked Goods,HVR,HV,J Cookies,Hidden Valley Bottled,HS171,HV0000064,,
US,Office Supplies,Baked Goods,HVR,HV,V Bagels,Hidden Valley Bottled,HS172,DL0000038,,
US,Office Supplies,Baked Goods,HVR,HV,V Bagels,Hidden Valley Bottled,HS173,HV0000001,,
US,Office Supplies,Baked Goods,HVR,HV,V Bagels,Hidden Valley Bottled,HS174,HV0000002,,
US,Office Supplies,Baked Goods,HVR,HV,V Bagels,Hidden Valley Bottled,HS175,HV0000003,,
US,Office Supplies,Baked Goods,HVR,HV,V Bagels,Hidden Valley Bottled,HS176,HV0000004,,
US,Office Supplies,Baked Goods,HVR,HV,V Bagels,Hidden Valley Bottled,HS177,HV0000005,,
US,Office Supplies,Baked Goods,HVR,HV,V Bagels,Hidden Valley Bottled,HS178,HV0000006,,
US,Office Supplies,Baked Goods,HVR,HV,V Bagels,Hidden Valley Bottled,HS179,HV0000007,,
US,Office Supplies,Baked Goods,HVR,HV,V Bagels,Hidden Valley Bottled,HS180,HV0000008,,
US,Office Supplies,Baked Goods,HVR,HV,V Bagels,Hidden Valley Bottled,HS181,HV0000009,,
US,Office Supplies,Baked Goods,HVR,HV,V Bagels,Hidden Valley Bottled,HS182,HV0000010,,
US,Office Supplies,Baked Goods,HVR,HV,V Bagels,Hidden Valley Bottled,HS183,HV0000011,,
US,Office Supplies,Baked Goods,HVR,HV,V Bagels,Hidden Valley Bottled,HS184,HV0000012,,
US,Office Supplies,Baked Goods,HVR,HV,V Bagels,Hidden Valley Bottled,HS185,HV0000013,,
US,Office Supplies,Baked Goods,HVR,HV,V Bagels,Hidden Valley Bottled,HS186,HV0000014,,
US,Office Supplies,Baked Goods,HVR,HV,V Bagels,Hidden Valley Bottled,HS187,HV0000015,,
US,Office Supplies,Baked Goods,HVR,HV,V Bagels,Hidden Valley Bottled,HS188,HV0000016,,
US,Office Supplies,Baked Goods,HVR,HV,V Bagels,Hidden Valley Bottled,HS189,HV0000017,,
US,Office Supplies,Baked Goods,HVR,HV,V Bagels,Hidden Valley Bottled,HS190,HV0000018,,
US,Office Supplies,Baked Goods,HVR,HV,V Bagels,Hidden Valley Bottled,HS191,HV0000019,,
US,Office Supplies,Baked Goods,HVR,HV,V Bagels,Hidden Valley Bottled,HS192,HV0000020,,
US,Office Supplies,Baked Goods,HVR,HV,V Bagels,Hidden Valley Bottled,HS193,HV0000021,,
US,Office Supplies,Baked Goods,HVR,HV,V Bagels,Hidden Valley Bottled,HS194,HV0000022,,
US,Office Supplies,Baked Goods,HVR,HV,V Bagels,Hidden Valley Bottled,HS195,HV0000023,,
US,Office Supplies,Baked Goods,HVR,HV,V Bagels,Hidden Valley Bottled,HS196,HV0000024,,
US,Office Supplies,Baked Goods,HVR,HV,V Bagels,Hidden Valley Bottled,HS197,HV0000025,,
US,Office Supplies,Baked Goods,HVR,HV,V Bagels,Hidden Valley Bottled,HS198,HV0000026,,
US,Office Supplies,Baked Goods,HVR,HV,V Bagels,Hidden Valley Bottled,HS199,HV0000027,,
US,Office Supplies,Baked Goods,HVR,HV,V Bagels,Hidden Valley Bottled,HS200,HV0000028,,
US,Office Supplies,Baked Goods,HVR,HV,V Bagels,Hidden Valley Bottled,HS201,HV0000029,,
US,Office Supplies,Baked Goods,HVR,HV,V Bagels,Hidden Valley Bottled,HS202,HV0000030,,
US,Office Supplies,Baked Goods,HVR,HV,V Bagels,Hidden Valley Bottled,HS203,HV0000031,,
US,Office Supplies,Baked Goods,HVR,HV,V Bagels,Hidden Valley Bottled,HS204,HV0000032,,
US,Office Supplies,Baked Goods,HVR,HV,V Bagels,Hidden Valley Bottled,HS205,HV0000033,,
US,Office Supplies,Baked Goods,HVR,HV,V Bagels,Hidden Valley Bottled,HS206,HV0000034,,
US,Office Supplies,Baked Goods,HVR,HV,V Bagels,Hidden Valley Bottled,HS207,HV0000035,,
US,Office Supplies,Baked Goods,HVR,HV,V Bagels,Hidden Valley Bottled,HS208,HV0000036,,
US,Office Supplies,Baked Goods,HVR,HV,V Bagels,Hidden Valley Bottled,HS209,HV0000037,,
US,Office Supplies,Baked Goods,HVR,HV,V Bagels,Hidden Valley Bottled,HS210,HV0000038,,
US,Office Supplies,Baked Goods,HVR,HV,V Bagels,Hidden Valley Bottled,HS211,HV0000039,,
US,Office Supplies,Baked Goods,HVR,HV,V Bagels,Hidden Valley Bottled,HS212,HV0000040,,
US,Office Supplies,Baked Goods,HVR,HV,V Bagels,Hidden Valley Bottled,HS213,HV0000041,,
US,Office Supplies,Baked Goods,HVR,HV,V Bagels,Hidden Valley Bottled,HS214,HV0000042,,
US,Office Supplies,Baked Goods,HVR,HV,V Bagels,Hidden Valley Bottled,HS215,HV0000043,,
US,Office Supplies,Baked Goods,HVR,HV,V Bagels,Hidden Valley Bottled,HS216,HV0000044,,
US,Office Supplies,Baked Goods,HVR,HV,V Bagels,Hidden Valley Bottled,HS217,HV0000045,,
US,Office Supplies,Baked Goods,HVR,HV,V Bagels,Hidden Valley Bottled,HS218,HV0000046,,
US,Office Supplies,Baked Goods,HVR,HV,V Bagels,Hidden Valley Bottled,HS219,HV0000047,,
US,Office Supplies,Baked Goods,HVR,HV,V Bagels,Hidden Valley Bottled,HS220,HV0000048,,
US,Office Supplies,Baked Goods,HVR,HV,V Bagels,Hidden Valley Bottled,HS221,HV0000049,,
US,Office Supplies,Baked Goods,HVR,HV,V Bagels,Hidden Valley Bottled,HS222,HV0000050,,
US,Office Supplies,Baked Goods,HVR,HV,V Bagels,Hidden Valley Bottled,HS223,HV0000051,,
US,Office Supplies,Baked Goods,HVR,HV,V Bagels,Hidden Valley Bottled,HS224,HV0000052,,
US,Office Supplies,Baked Goods,HVR,HV,V Bagels,Hidden Valley Bottled,HS225,HV0000053,,
US,Office Supplies,Baked Goods,HVR,HV,V Bagels,Hidden Valley Bottled,HS226,HV0000054,,
US,Office Supplies,Baked Goods,HVR,HV,V Bagels,Hidden Valley Bottled,HS227,HV0000055,,
US,Office Supplies,Baked Goods,HVR,HV,V Bagels,Hidden Valley Bottled,HS228,HV0000056,,
US,Office Supplies,Baked Goods,HVR,HV,V Bagels,Hidden Valley Bottled,HS229,HV0000057,,
US,Office Supplies,Baked Goods,HVR,HV,V Bagels,Hidden Valley Bottled,HS230,HV0000058,,
US,Office Supplies,Baked Goods,HVR,HV,V Bagels,Hidden Valley Bottled,HS231,HV0000059,,
US,Office Supplies,Baked Goods,HVR,HV,V Bagels,Hidden Valley Bottled,HS232,HV0000060,,
US,Office Supplies,Baked Goods,HVR,HV,V Bagels,Hidden Valley Bottled,HS233,HV0000061,,
US,Office Supplies,Baked Goods,HVR,HV,V Bagels,Hidden Valley Bottled,HS234,HV0000062,,
US,Office Supplies,Baked Goods,HVR,HV,V Bagels,Hidden Valley Bottled,HS235,HV0000063,,
US,Office Supplies,Baked Goods,HVR,HV,V Bagels,Hidden Valley Bottled,HS236,HV0000064,,
US,Office Supplies,Baked Goods,HVR,HV,V Bagels,Hidden Valley Dry,H2237,DL0000038,,
US,Office Supplies,Baked Goods,HVR,HV,V Bagels,Hidden Valley Dips,H3238,DL0000038,,
US,Office Supplies,Baked Goods,HVR,HV,V Bagels,Hidden Valley Dry,H2239,HV0000001,,
US,Office Supplies,Baked Goods,HVR,HV,V Bagels,Hidden Valley Dips,H3240,MO0000365,,
US,Office Supplies,Baked Goods,HVR,HV,K Pie,Hidden Valley Dry,H2241,DL0000038,,
US,Office Supplies,Baked Goods,HVR,HV,K Pie,Hidden Valley Dips,H3242,DL0000038,,
US,Office Supplies,Baked Goods,HVR,HV,K Pie,Hidden Valley Dry,H2243,HV0000001,,
US,Office Supplies,Baked Goods,HVR,HV,K Pie,Hidden Valley Dips,H3244,MO0000365,,
US,Office Supplies,Baked Goods,HVR,HV,K Pie,Hidden Valley Bottled,HS245,DL0000038,,
US,Office Supplies,Baked Goods,HVR,HV,K Pie,Hidden Valley Bottled,HS246,HV0000001,,
US,Office Supplies,Baked Goods,HVR,HV,K Pie,Hidden Valley Bottled,HS247,HV0000002,,
US,Office Supplies,Baked Goods,HVR,HV,K Pie,Hidden Valley Bottled,HS248,HV0000003,,
US,Office Supplies,Baked Goods,HVR,HV,K Pie,Hidden Valley Bottled,HS249,HV0000004,,
US,Office Supplies,Baked Goods,HVR,HV,K Pie,Hidden Valley Bottled,HS250,HV0000005,,
US,Office Supplies,Baked Goods,HVR,HV,K Pie,Hidden Valley Bottled,HS251,HV0000006,,
US,Office Supplies,Baked Goods,HVR,HV,K Pie,Hidden Valley Bottled,HS252,HV0000007,,
US,Office Supplies,Baked Goods,HVR,HV,K Pie,Hidden Valley Bottled,HS253,HV0000008,,
US,Office Supplies,Baked Goods,HVR,HV,K Pie,Hidden Valley Bottled,HS254,HV0000009,,
US,Office Supplies,Baked Goods,HVR,HV,K Pie,Hidden Valley Bottled,HS255,HV0000010,,
US,Office Supplies,Baked Goods,HVR,HV,K Pie,Hidden Valley Bottled,HS256,HV0000011,,
US,Office Supplies,Baked Goods,HVR,HV,K Pie,Hidden Valley Bottled,HS257,HV0000012,,
US,Office Supplies,Baked Goods,HVR,HV,K Pie,Hidden Valley Bottled,HS258,HV0000013,,
US,Office Supplies,Baked Goods,HVR,HV,K Pie,Hidden Valley Bottled,HS259,HV0000014,,
US,Office Supplies,Baked Goods,HVR,HV,K Pie,Hidden Valley Bottled,HS260,HV0000015,,
US,Office Supplies,Baked Goods,HVR,HV,K Pie,Hidden Valley Bottled,HS261,HV0000016,,
US,Office Supplies,Baked Goods,HVR,HV,K Pie,Hidden Valley Bottled,HS262,HV0000017,,
US,Office Supplies,Baked Goods,HVR,HV,K Pie,Hidden Valley Bottled,HS263,HV0000018,,
US,Office Supplies,Baked Goods,HVR,HV,K Pie,Hidden Valley Bottled,HS264,HV0000019,,
US,Office Supplies,Baked Goods,HVR,HV,K Pie,Hidden Valley Bottled,HS265,HV0000020,,
US,Office Supplies,Baked Goods,HVR,HV,K Pie,Hidden Valley Bottled,HS266,HV0000021,,
US,Office Supplies,Baked Goods,HVR,HV,K Pie,Hidden Valley Bottled,HS267,HV0000022,,
US,Office Supplies,Baked Goods,HVR,HV,K Pie,Hidden Valley Bottled,HS268,HV0000023,,
US,Office Supplies,Baked Goods,HVR,HV,K Pie,Hidden Valley Bottled,HS269,HV0000024,,
US,Office Supplies,Baked Goods,HVR,HV,K Pie,Hidden Valley Bottled,HS270,HV0000025,,
US,Office Supplies,Baked Goods,HVR,HV,K Pie,Hidden Valley Bottled,HS271,HV0000026,,
US,Office Supplies,Baked Goods,HVR,HV,K Pie,Hidden Valley Bottled,HS272,HV0000027,,
US,Office Supplies,Baked Goods,HVR,HV,K Pie,Hidden Valley Bottled,HS273,HV0000028,,
US,Office Supplies,Baked Goods,HVR,HV,K Pie,Hidden Valley Bottled,HS274,HV0000029,,
US,Office Supplies,Baked Goods,HVR,HV,K Pie,Hidden Valley Bottled,HS275,HV0000030,,
US,Office Supplies,Baked Goods,HVR,HV,K Pie,Hidden Valley Bottled,HS276,HV0000031,,
US,Office Supplies,Baked Goods,HVR,HV,K Pie,Hidden Valley Bottled,HS277,HV0000032,,
US,Office Supplies,Baked Goods,HVR,HV,K Pie,Hidden Valley Bottled,HS278,HV0000033,,
US,Office Supplies,Baked Goods,HVR,HV,K Pie,Hidden Valley Bottled,HS279,HV0000034,,
US,Office Supplies,Baked Goods,HVR,HV,K Pie,Hidden Valley Bottled,HS280,HV0000035,,
US,Office Supplies,Baked Goods,HVR,HV,K Pie,Hidden Valley Bottled,HS281,HV0000036,,
US,Office Supplies,Baked Goods,HVR,HV,K Pie,Hidden Valley Bottled,HS282,HV0000037,,
US,Office Supplies,Baked Goods,HVR,HV,K Pie,Hidden Valley Bottled,HS283,HV0000038,,
US,Office Supplies,Baked Goods,HVR,HV,K Pie,Hidden Valley Bottled,HS284,HV0000039,,
US,Office Supplies,Baked Goods,HVR,HV,K Pie,Hidden Valley Bottled,HS285,HV0000040,,
US,Office Supplies,Baked Goods,HVR,HV,K Pie,Hidden Valley Bottled,HS286,HV0000041,,
US,Office Supplies,Baked Goods,HVR,HV,K Pie,Hidden Valley Bottled,HS287,HV0000042,,
US,Office Supplies,Baked Goods,HVR,HV,K Pie,Hidden Valley Bottled,HS288,HV0000043,,
US,Office Supplies,Baked Goods,HVR,HV,K Pie,Hidden Valley Bottled,HS289,HV0000044,,
US,Office Supplies,Baked Goods,HVR,HV,K Pie,Hidden Valley Bottled,HS290,HV0000045,,
US,Office Supplies,Baked Goods,HVR,HV,K Pie,Hidden Valley Bottled,HS291,HV0000046,,
US,Office Supplies,Baked Goods,HVR,HV,K Pie,Hidden Valley Bottled,HS292,HV0000047,,
US,Office Supplies,Baked Goods,HVR,HV,K Pie,Hidden Valley Bottled,HS293,HV0000048,,
US,Office Supplies,Baked Goods,HVR,HV,K Pie,Hidden Valley Bottled,HS294,HV0000049,,
US,Office Supplies,Baked Goods,HVR,HV,K Pie,Hidden Valley Bottled,HS295,HV0000050,,
US,Office Supplies,Baked Goods,HVR,HV,K Pie,Hidden Valley Bottled,HS296,HV0000051,,
US,Office Supplies,Baked Goods,HVR,HV,K Pie,Hidden Valley Bottled,HS297,HV0000052,,
US,Office Supplies,Baked Goods,HVR,HV,K Pie,Hidden Valley Bottled,HS298,HV0000053,,
US,Office Supplies,Baked Goods,HVR,HV,K Pie,Hidden Valley Bottled,HS299,HV0000054,,
US,Office Supplies,Baked Goods,HVR,HV,K Pie,Hidden Valley Bottled,HS300,HV0000055,,
US,Office Supplies,Baked Goods,HVR,HV,K Pie,Hidden Valley Bottled,HS301,HV0000056,,
US,Office Supplies,Baked Goods,HVR,HV,K Pie,Hidden Valley Bottled,HS302,HV0000057,,
US,Office Supplies,Baked Goods,HVR,HV,K Pie,Hidden Valley Bottled,HS303,HV0000058,,
US,Office Supplies,Baked Goods,HVR,HV,K Pie,Hidden Valley Bottled,HS304,HV0000059,,
US,Office Supplies,Baked Goods,HVR,HV,K Pie,Hidden Valley Bottled,HS305,HV0000060,,
US,Office Supplies,Baked Goods,HVR,HV,K Pie,Hidden Valley Bottled,HS306,HV0000061,,
US,Office Supplies,Baked Goods,HVR,HV,K Pie,Hidden Valley Bottled,HS307,HV0000062,,
US,Office Supplies,Baked Goods,HVR,HV,K Pie,Hidden Valley Bottled,HS308,HV0000063,,
US,Office Supplies,Baked Goods,HVR,HV,K Pie,Hidden Valley Bottled,HS309,HV0000064,,
US,Office Supplies,Baked Goods,EB,EB,TW Bread Rolls,Soy Vay Marinades,SV310,DL0000038,,
US,Office Supplies,Baked Goods,EB,EB,TW Bread Rolls,Soy Vay Marinades,SV311,BQ0017521,,
US,Office Supplies,Baked Goods,EB,N Cakes,N Cakes,KCM,BQ312,DL0000038,,
US,Office Supplies,Organic Office Suppliess,Organic Office Suppliess,P Grains,P Grains,Gl Base Kitchen,GT313,DL0000038,,
US,Office Supplies,Organic Office Suppliess,Organic Office Suppliess,P Grains,P Grains,Gl Base Kitchen,GT314,GT0000657,,
US,Office Supplies,Organic Office Suppliess,Organic Office Suppliess,P Grains,P Grains,Gl Large Tr Bags,G4315,DL0000038,,
US,Office Supplies,Organic Office Suppliess,Organic Office Suppliess,P Grains,P Grains,Gl Large Tr Bags,G4316,GT0001394,,
US,Office Supplies,Organic Office Suppliess,Organic Office Suppliess,P Grains,P Grains,Gl Force Flex Large Tr,G5317,DL0000038,,
US,Office Supplies,Organic Office Suppliess,Organic Office Suppliess,P Grains,P Grains,Gl Odor Shield Large Tr,G5318,DL0000038,,
US,Office Supplies,Organic Office Suppliess,Organic Office Suppliess,P Grains,P Grains,Gl Force Flex Odor Shield Large Tr,G5319,DL0000038,,
US,Office Supplies,Organic Office Suppliess,Organic Office Suppliess,P Grains,P Grains,Gl Force Flex Large Tr,G5320,GT0001453,,
US,Office Supplies,Organic Office Suppliess,Organic Office Suppliess,P Grains,P Grains,Gl Odor Shield Large Tr,G5321,GT0001472,,
US,Office Supplies,Organic Office Suppliess,Organic Office Suppliess,P Grains,P Grains,Gl Force Flex Odor Shield Large Tr,G5322,GT0007092,,
US,Office Supplies,Organic Office Suppliess,Organic Office Suppliess,P Grains,P Grains,Gl Odor Shield Kitchen,G3323,DL0000038,,
US,Office Supplies,Organic Office Suppliess,Organic Office Suppliess,P Grains,P Grains,Gl Odor Shield Kitchen,G3324,GT0000717,,
US,Office Supplies,Organic Office Suppliess,Organic Office Suppliess,P Grains,P Grains,Gl Force Flex Kitchen,G2325,DL0000038,,
US,Office Supplies,Organic Office Suppliess,Organic Office Suppliess,P Grains,P Grains,Gl Force Flex Odor Shield Kitchen,G2326,DL0000038,,
US,Office Supplies,Organic Office Suppliess,Organic Office Suppliess,P Grains,P Grains,Gl Force Flex Kitchen,G2327,GT0000702,,
US,Office Supplies,Organic Office Suppliess,Organic Office Suppliess,P Grains,P Grains,Gl Force Flex Odor Shield Kitchen,G2328,GT0000729,,
US,Office Supplies,Organic Office Suppliess,Organic Office Suppliess,R Vegetables,R Vegetables,Wraps,GW329,DL0000038,,
US,Office Supplies,Organic Office Suppliess,Organic Office Suppliess,R Vegetables,R Vegetables,Wraps,GW330,GW0000280,,
US,Office Supplies,Organic Office Suppliess,Organic Office Suppliess,R Vegetables,R Vegetables,PnS Wraps,GX331,DL0000038,,
US,Office Supplies,Organic Office Suppliess,Organic Office Suppliess,R Vegetables,R Vegetables,PnS Wraps,GX332,GW0000291,,
US,Office Supplies,Organic Office Suppliess,Organic Office Suppliess,R Vegetables,R Vegetables,Containers,GC333,DL0000038,,
US,Office Supplies,Organic Office Suppliess,Organic Office Suppliess,R Vegetables,R Vegetables,Containers,GC334,GC0005126,,
US,Office Supplies,Organic Office Suppliess,Organic Office Suppliess,R Vegetables,R Vegetables,F Bags,GF335,DL0000038,,
US,Office Supplies,Organic Office Suppliess,Organic Office Suppliess,R Vegetables,R Vegetables,F Bags,GF336,GF0000093,,
US,Office Supplies,Organic Office Suppliess,Organic Office Suppliess,R Vegetables,R Vegetables,F Bags,GF337,GF0000320,,
US,Office Supplies,Organic Office Suppliess,Organic Office Suppliess,R Vegetables,R Vegetables,F Bags,GF338,GF0000431,,
US,Office Supplies,Organic Office Suppliess,Organic Office Suppliess,R Vegetables,R Vegetables,F Bags,GF339,GF0000520,,
US,Office Supplies,Organic Office Suppliess,Organic Office Suppliess,R Vegetables,R Vegetables,F Bags,GF340,GF0000606,,
US,Office Supplies,Organic Office Suppliess,Organic Office Suppliess,R Vegetables,R Vegetables,F Bags,GF341,GF0000676,,
US,Office Supplies,Organic Office Suppliess,Organic Office Suppliess,R Vegetables,R Vegetables,F Bags,GF342,GF0003682,,
US,Office Supplies,Organic Office Suppliess,Organic Office Suppliess,R Vegetables,R Vegetables,F Bags,GF343,GF0003756,,
US,Office Supplies,Frozen Office Suppliess,Frozen Office Suppliess,Frozen Office Suppliess,U Frozen Chicken,SA Clumping,C2 344,DL0000038,,
US,Office Supplies,Frozen Office Suppliess,Frozen Office Suppliess,Frozen Office Suppliess,U Frozen Chicken,SA Clumping,C2 345,CL0000037,,
US,Office Supplies,Frozen Office Suppliess,Frozen Office Suppliess,Frozen Office Suppliess,L Frozen breads,FS Regular,C4346,DL0000038,,
US,Office Supplies,Frozen Office Suppliess,Frozen Office Suppliess,Frozen Office Suppliess,L Frozen breads,FS Clumping,Home Supplies347,DL0000038,,
US,Office Supplies,Frozen Office Suppliess,Frozen Office Suppliess,Frozen Office Suppliess,L Frozen breads,FS Regular,C4348,CL0000023,,
US,Office Supplies,Frozen Office Suppliess,Frozen Office Suppliess,Frozen Office Suppliess,L Frozen breads,FS Clumping,Home Supplies349,CL0000029,,
US,Office Supplies,Beverages,KFD,KFD,F Cold Drinks,KFD Regular,KF350,DL0000038,,
US,Office Supplies,Beverages,KFD,KFD,F Cold Drinks,KFD Lump,KF351,DL0000038,,
US,Office Supplies,Beverages,KFD,KFD,F Cold Drinks,KFD Regular,KF352,CH0001184,,
US,Office Supplies,Beverages,KFD,KFD,F Cold Drinks,KFD Lump,KF353,CH0001241,,
US,Office Supplies,Beverages,KFD,KFD,G Fruit Juices,KFD Matchlight,KM354,DL0000038,,
US,Office Supplies,Beverages,KFD,KFD,G Fruit Juices,KFD Matchlight,KM355,CH0001175,,
US,Office Supplies,Beverages,KFD,KFD,T Energy Drinks,Lighter Fluid,LF356,DL0000038,,
US,Office Supplies,Processed Office Supplies,Processed Office Supplies,Processed Office Supplies,Processed Office Supplies,Br Faucet Mount Filters,B2357,DL0000038,,
US,Office Supplies,Processed Office Supplies,Processed Office Supplies,Processed Office Supplies,Processed Office Supplies,Br Faucet Mount Filters,B2358,BF0000073,,
US,Office Supplies,Processed Office Supplies,Processed Office Supplies,Processed Office Supplies,Processed Office Supplies,Br Faucet Mount Systems,B4359,DL0000038,,
US,Office Supplies,Processed Office Supplies,Processed Office Supplies,Processed Office Supplies,Processed Office Supplies,Br Faucet Mount Systems,B4360,BS0001521,,
US,Office Supplies,Processed Office Supplies,Processed Office Supplies,Processed Office Supplies,Processed Office Supplies,Br Filtering Bottle Filters,B6361,DL0000038,,
US,Office Supplies,Processed Office Supplies,Processed Office Supplies,Processed Office Supplies,Processed Office Supplies,Br Filtering Bottle Filters,B6362,BF0000836,,
US,Office Supplies,Processed Office Supplies,Processed Office Supplies,Processed Office Supplies,Processed Office Supplies,Br Filtering Bottle Filtration Systems,BB363,DL0000038,,
US,Office Supplies,Processed Office Supplies,Processed Office Supplies,Processed Office Supplies,Processed Office Supplies,Br Filtering Bottle Filtration Systems,BB364,BS0000341,,
US,Office Supplies,Processed Office Supplies,Processed Office Supplies,Processed Office Supplies,Processed Office Supplies,Br Pour Through Filter,BF365,DL0000038,,
US,Office Supplies,Processed Office Supplies,Processed Office Supplies,Processed Office Supplies,Processed Office Supplies,Br Pour Through Filter,BF366,BF0000002,,
US,Office Supplies,Processed Office Supplies,Processed Office Supplies,Processed Office Supplies,Processed Office Supplies,Br Pour Through Systems,BS367,DL0000038,,
US,Office Supplies,Processed Office Supplies,Processed Office Supplies,Processed Office Supplies,Processed Office Supplies,Br Pour Through Systems,BS368,BS0000134,,
